sku,variant_label,dimensions,load_capacity_hint,category_heading,page,source_pdf
EDAB-090505,EDAB-062505,,100kg,Professional,4,E147
RPW-09S,RPW-06S,,100kg,Professional,4,E147
RPW-12S,RPW-06S,,100kg,Professional,4,E147
RPW-09D,RPW-06D,,100kg,Professional,4,E147
RPQ-9063A,RPQ-6063A,,100kg,Professional,4,E147
RPQ-6103A,RPQ-6063A,,100kg,Professional,4,E147
RPQ-9103A,RPQ-6063A,,100kg,Professional,4,E147
RPQ-6102,RPQ-6062,,100kg,Professional,4,E147
WE-58W,WE-47W,,45kg,9,9,E147
WE-47W7,WE-47W3,,45kg,9,9,E147
WE-47W8,WE-47W4,,45kg,9,9,E147
WE-47W9,WE-47W5,,45kg,9,9,E147
WE-58W3,WE-47W3,,45kg,9,9,E147
WE-58W4,WE-47W4,,45kg,9,9,E147
WE-58W5,WE-47W5,,45kg,9,9,E147
WEW-5102W,WET-4102W,,45kg,9,9,E147
WET-4102W7,WET-4102W3,,45kg,9,9,E147
WET-4102W8,WET-4102W4,,45kg,9,9,E147
WET-4102W9,WET-4102W5,,45kg,9,9,E147
WET-5102W3,WET-4102W3,,45kg,9,9,E147
WET-5102W4,WET-4102W4,,45kg,9,9,E147
WET-5102W5,WET-4102W5,,45kg,9,9,E147
WB-57N,Rubber top N,W1500xD750xH800,600kg,Professional,10,E147
WB-57F,Laminate top F,W1500xD750xH800,600kg,Professional,10,E147
WB-57W,Wood top W,W1500xD750xH800,600kg,Professional,10,E147
WB-67N,Rubber top N,W1800xD750xH800,600kg,Professional,10,E147
WB-67F,Laminate top F,W1800xD750xH800,600kg,Professional,10,E147
WB-67W,Wood top W,W1800xD750xH800,600kg,Professional,10,E147
WBT-5203N,Rubber top N,W1500xD750xH800,600kg,Professional,10,E147
WBT-5203F,Laminate top F,W1500xD750xH800,600kg,Professional,10,E147
WBT-5203W,Wood top W,W1500xD750xH800,600kg,Professional,10,E147
WBT-6203N,Rubber top N,W1800xD750xH800,600kg,Professional,10,E147
WBT-6203F,Laminate top F,W1800xD750xH800,600kg,Professional,10,E147
WBT-6203W,Wood top W,W1800xD750xH800,600kg,Professional,10,E147
WBS-53022N,Rubber top N,W1500xD750xH800,600kg,Professional,10,E147
WBS-53022F,Laminate top F,W1500xD750xH800,600kg,Professional,10,E147
WBS-53022W,Wood top W,W1500xD750xH800,600kg,Professional,10,E147
WBS-63022N,Rubber top N,W1800xD750xH800,600kg,Professional,10,E147
WBS-63022F,Laminate top F,W1800xD750xH800,600kg,Professional,10,E147
WBS-63022W,Wood top W,W1800xD750xH800,600kg,Professional,10,E147
WB-57N6A,Rubber top N,W1500xD750xH1400,600kg,Professional,10,E147
WB-57F6A,Laminate top F,W1500xD750xH1400,600kg,Professional,10,E147
WB-57W6A,Wood top W,W1500xD750xH1400,600kg,Professional,10,E147
WB-67N6A,Rubber top N,W1800xD750xH1400,600kg,Professional,10,E147
WB-67F6A,Laminate top F,W1800xD750xH1400,600kg,Professional,10,E147
WB-67W6A,Wood top W,W1800xD750xH1400,600kg,Professional,10,E147
EGA-7041,Rubber top N,W566xD510xH700,600kg,Professional,10,E147
WA-57A,"A
Benchwork top",W1500xD750xH800,2000kg,Heavy,13,E147
WA-67A,"A
Benchwork top",W1800xD750xH800,2000kg,Heavy,13,E147
WAT-5203A,"A
Benchwork top",W1500xD750xH800,2000kg,Heavy,13,E147
WAT-6203A,"A
Benchwork top",W1800xD750xH800,2000kg,Heavy,13,E147
WAS-54031A,"A
Benchwork top",W1500xD750xH800,2000kg,Heavy,13,E147
WAS-64031A,"A
Benchwork top",W1800xD750xH800,2000kg,Heavy,13,E147
WAS-57042A,"A
Benchwork top",W1500xD750xH800,2000kg,Heavy,13,E147
WAS-67042A,"A
Benchwork top",W1800xD750xH800,2000kg,Heavy,13,E147
WD-58S,WD-48S,,600kg,Stainless,15,E147
WD-68S,WD-48S,,600kg,Stainless,15,E147
WDT-6203S,WDT-5203S,,600kg,Stainless,15,E147
WDT-5203MS,WD-48MS,,600kg,Stainless,15,E147
WDT-6203MS,WD-48MS,,600kg,Stainless,15,E147
WHB-88N,Rubber top N,W2500xD2165xH850,600kg,Hexagonal,17,E147
WHB-88F,Laminate top F,W2500xD2165xH850,600kg,Hexagonal,17,E147
WHB-88N1A,Rubber top N,W2500xD2165xH1100,600kg,Hexagonal,17,E147
WHB-88F1A,Laminate top F,W2500xD2165xH1100,600kg,Hexagonal,17,E147
WHB-881N,Rubber top N,W2500xD2165xH850,600kg,Hexagonal,17,E147
WHB-881F,Laminate top F,W2500xD2165xH850,600kg,Hexagonal,17,E147
WHB-881N1A,Rubber top N,W2500xD2165xH1100,600kg,Hexagonal,17,E147
WHB-881F1A,Laminate top F,W2500xD2165xH1100,600kg,Hexagonal,17,E147
WHB-882N,Rubber top N,W2500xD2165xH850,600kg,Hexagonal,17,E147
WHB-882F,Laminate top F,W2500xD2165xH850,600kg,Hexagonal,17,E147
WHB-882N1A,Rubber top N,W2500xD2165xH1100,600kg,Hexagonal,17,E147
WHB-882F1A,Laminate top F,W2500xD2165xH1100,600kg,Hexagonal,17,E147
WHA-882N,Rubber top N,W2500xD2165xH850,600kg,Hexagonal,17,E147
WHA-882F,Laminate top F,W2500xD2165xH850,600kg,Hexagonal,17,E147
WHA-882N1A,Rubber top N,W2500xD2165xH1100,600kg,Hexagonal,17,E147
WHA-882F1A,Laminate top F,W2500xD2165xH1100,600kg,Hexagonal,17,E147
WQ-62,WQ-52,,,Accessories,18,E147
WQ-72,WQ-52,,,Accessories,18,E147
WQ-63,WQ-53,,,Accessories,18,E147
WQ-73,WQ-53,,,Accessories,18,E147
WQ-64A,WQ-54A,,,Accessories,18,E147
WQ-74A,WQ-54A,,,Accessories,18,E147
WQ-65A,WQ-55A,,,Accessories,18,E147
WQ-75A,WQ-55A,,,Accessories,18,E147
WQ-66A,WQ-56A,,,Accessories,18,E147
WQ-76A,WQ-56A,,,Accessories,18,E147
WQ-77A,WQ-67A,,,Accessories,18,E147
WQD-53,WQD-43,,,Accessories,18,E147
WQD-63,WQD-43,,,Accessories,18,E147
WQD-56A,WQD-46A,,,Accessories,18,E147
WQD-66A,WQD-46A,,,Accessories,18,E147
WQD-59A,WQD-49A,,,Accessories,18,E147
WQD-69A,WQD-49A,,,Accessories,18,E147
WQD-52S,WQD-42S,,,Accessories,18,E147
WQD-62S,WQD-42S,,,Accessories,18,E147
WQD-53S,WQD-43S,,,Accessories,18,E147
WQD-63S,WQD-43S,,,Accessories,18,E147
WQD-57S,WQD-47S,,,Accessories,18,E147
WQD-67S,WQD-47S,,,Accessories,18,E147
WP-42,WP-41,,,Workbench,19,E147
WP-43,WP-41,,,Workbench,19,E147
WDP-15,WDP-14,,,Workbench,19,E147
WDP-16,WDP-14,,,Workbench,19,E147
WDP-15S,WDP-14S,,,Workbench,19,E147
WDP-16S,WDP-14S,,,Workbench,19,E147
KP-20,KP-19,,,Workbench,19,E147
KP-21,KP-19,,,Workbench,19,E147
EGL-185M,● ●,,45kg,Standard,22,E147
EGL-187M,● ●,,45kg,Standard,22,E147
EGL-185MA,● ●,,45kg,Standard,22,E147
EGL-187MA,● ●,,45kg,Standard,22,E147
TK-8721,Drawer Height 75mm,,45kg,Standard,22,E147
TK-8731,Drawer Height 100mm,,45kg,Standard,22,E147
TK-8722,Drawer Height 75mm,,45kg,Standard,22,E147
TK-8732,Drawer Height 100mm,,45kg,Standard,22,E147
TK-8723,Drawer Height 75mm,,45kg,Standard,22,E147
TK-8733,Drawer Height 100mm,,45kg,Standard,22,E147
EGP-03L,● ●,,45kg,Standard,22,E147
EGQ-02A,● ●,,45kg,Standard,22,E147
EGP-03M,●,,45kg,Standard,22,E147
BT-30,Drawer Tray (Qty),,1000kg,Unit of measurement : mm,26,E147
BT-40,Drawer Tray (Qty),,1000kg,Unit of measurement : mm,26,E147
BT-50,Drawer Tray (Qty),,1000kg,Unit of measurement : mm,26,E147
HSK-40,Drawer Tray (Qty),,1000kg,Unit of measurement : mm,26,E147
HSK-63,Drawer Tray (Qty),,1000kg,Unit of measurement : mm,26,E147
ENP-61,Tool Holder Rack,,400kg,CNC,27,E147
BT-30,,,400kg,CNC,27,E147
ENP-62,Tool Holder Rack,,400kg,CNC,27,E147
BT-40,,,400kg,CNC,27,E147
ENP-63,Tool Holder Rack,,400kg,CNC,27,E147
BT-50,,,400kg,CNC,27,E147
ENP-66,Tool Holder Rack,,400kg,CNC,27,E147
HSK-40,,,400kg,CNC,27,E147
ENP-68,Tool Holder Rack,,400kg,CNC,27,E147
HSK-63,,,400kg,CNC,27,E147
ENS-112M,CNC Trolley,,400kg,CNC,28,E147
BT-30,,,400kg,CNC,28,E147
ENS-122M,CNC Trolley,,400kg,CNC,28,E147
BT-40,,,400kg,CNC,28,E147
ENS-132M,CNC Trolley,,400kg,CNC,28,E147
BT-50,,,400kg,CNC,28,E147
ENS-162M,CNC Trolley,,400kg,CNC,28,E147
HSK-40,,,400kg,CNC,28,E147
ENS-182M,CNC Trolley,,400kg,CNC,28,E147
HSK-63,,,400kg,CNC,28,E147
ENP-11,Tool Holder Rack,,400kg,CNC,28,E147
ENP-12,Tool Holder Rack,,400kg,CNC,28,E147
ENP-13,Tool Holder Rack,,400kg,CNC,28,E147
ENP-16,Tool Holder Rack,,400kg,CNC,28,E147
ENP-18,Tool Holder Rack,,400kg,CNC,28,E147
ENS-312M,CNC Trolley,,400kg,CNC Trolley,29,E147
BT-30,,,400kg,CNC Trolley,29,E147
ENS-322M,CNC Trolley,,400kg,CNC Trolley,29,E147
BT-40,,,400kg,CNC Trolley,29,E147
ENS-332M,CNC Trolley,,400kg,CNC Trolley,29,E147
BT-50,,,400kg,CNC Trolley,29,E147
ENS-362M,CNC Trolley,,400kg,CNC Trolley,29,E147
HSK-40,,,400kg,CNC Trolley,29,E147
ENS-382M,CNC Trolley,,400kg,CNC Trolley,29,E147
HSK-63,,,400kg,CNC Trolley,29,E147
EKBN-21,Tool Holder Rack,,400kg,CNC Trolley,29,E147
EKBN-22,Tool Holder Rack,,400kg,CNC Trolley,29,E147
EKBN-23,Tool Holder Rack,,400kg,CNC Trolley,29,E147
EKBN-26,Tool Holder Rack,,400kg,CNC Trolley,29,E147
EKBN-28,Tool Holder Rack,,400kg,CNC Trolley,29,E147
ENR-1218M,CNC Trolley,,400kg,CNC Trolley,29,E147
ENR-1228M,CNC Trolley,,400kg,CNC Trolley,29,E147
ENR-1238M,CNC Trolley,,400kg,CNC Trolley,29,E147
ENR-1268M,CNC Trolley,,400kg,CNC Trolley,29,E147
ENR-1288M,CNC Trolley,,400kg,CNC Trolley,29,E147
ENP-21,Tool Holder Rack,,400kg,CNC Trolley,29,E147
ENP-22,Tool Holder Rack,,400kg,CNC Trolley,29,E147
ENP-23,Tool Holder Rack,,400kg,CNC Trolley,29,E147
ENP-26,Tool Holder Rack,,400kg,CNC Trolley,29,E147
ENP-28,Tool Holder Rack,,400kg,CNC Trolley,29,E147
EKA-3M,● ●,,400kg,Trolley,31,E147
EKA-P03,● ●,,400kg,Trolley,31,E147
EKB-P02,● ● ●,,400kg,Trolley,32,E147
EKB-P03,● ● ●,,400kg,Trolley,32,E147
EKC-333M,Tilt Out Bins (Qty),,400kg,Tilt,33,E147
EKC-332M,Tilt Out Bins (Qty),,400kg,Tilt,33,E147
EKC-331M,Tilt Out Bins (Qty),,400kg,Tilt,33,E147
EKC-322M,Tilt Out Bins (Qty),,400kg,Tilt,33,E147
EKC-321M,Tilt Out Bins (Qty),,400kg,Tilt,33,E147
EKC-311M,Tilt Out Bins (Qty),,400kg,Tilt,33,E147
EKC-222M,Tilt Out Bins (Qty),,400kg,Tilt,33,E147
EKC-221M,Tilt Out Bins (Qty),,400kg,Tilt,33,E147
EKC-211M,Tilt Out Bins (Qty),,400kg,Tilt,33,E147
EKC-111M,Tilt Out Bins (Qty),,400kg,Tilt,33,E147
EKC-330M,Tilt Out Bins (Qty),,400kg,Tilt,33,E147
EKC-320M,Tilt Out Bins (Qty),,400kg,Tilt,33,E147
EKC-310M,Tilt Out Bins (Qty),,400kg,Tilt,33,E147
EKC-220M,Tilt Out Bins (Qty),,400kg,Tilt,33,E147
EKC-210M,Tilt Out Bins (Qty),,400kg,Tilt,33,E147
EKC-110M,Tilt Out Bins (Qty),,400kg,Tilt,33,E147
TKI-8304,,,400kg,Tilt,33,E147
TKI-8305,,,400kg,Tilt,33,E147
TA-115,,,400kg,Tilt,33,E147
TKI-8301,,,400kg,Tilt,33,E147
TKI-8302,,,400kg,Tilt,33,E147
TKI-8303,,,400kg,Tilt,33,E147
TA-112,,,400kg,Tilt,33,E147
DP-01A,●● ● For DB display stand,,45kg,Display,37,E147
DA-31,●● ●,,45kg,Display,37,E147
DA-32,,,45kg,Display,37,E147
DB-31,●● ●,,45kg,Display,37,E147
DB-32,,,45kg,Display,37,E147
DP-01B,●● ● For DC display stand,,45kg,Display,37,E147
DC-31,●● ●,,45kg,Display,37,E147
DC-32,,,45kg,Display,37,E147
DD-31,●● ●,,45kg,Display,37,E147
DD-32,,,45kg,Display,37,E147
DP-01C,●● ● For DD display stand,,45kg,Display,37,E147
KR-1303,,,,Hanger,39,E147
KR-1312,,,,Hanger,39,E147
KR-1321,,,,Hanger,39,E147
KR-1330,,,,Hanger,39,E147
KL-1303,,,,Hanger,39,E147
KL-1312,,,,Hanger,39,E147
KL-1321,,,,Hanger,39,E147
KL-1330,,,,Hanger,39,E147
KR-2306,,,,Hanger,39,E147
KR-2324,,,,Hanger,39,E147
KR-2342,,,,Hanger,39,E147
KR-2360,,,,Hanger,39,E147
KL-2306,,,,Hanger,39,E147
KL-2324,,,,Hanger,39,E147
KL-2342,,,,Hanger,39,E147
KL-2360,,,,Hanger,39,E147
KR-1404,,,,Hanger,39,E147
KR-1413,,,,Hanger,39,E147
KR-1422,,,,Hanger,39,E147
KR-1431,,,,Hanger,39,E147
KR-1440,,,,Hanger,39,E147
KL-1404,,,,Hanger,39,E147
KL-1413,,,,Hanger,39,E147
KL-1422,,,,Hanger,39,E147
KL-1431,,,,Hanger,39,E147
KL-1440,,,,Hanger,39,E147
KR-2408,,,,Hanger,39,E147
KR-2426,,,,Hanger,39,E147
KR-2444,,,,Hanger,39,E147
KR-2462,,,,Hanger,39,E147
KR-2480,,,,Hanger,39,E147
KL-2408,,,,Hanger,39,E147
KL-2426,,,,Hanger,39,E147
KL-2444,,,,Hanger,39,E147
KL-2462,,,,Hanger,39,E147
KL-2480,,,,Hanger,39,E147
KM-2204,,,,Hanger,39,E147
KM-2222,,,,Hanger,39,E147
KM-2240,,,,Hanger,39,E147
KM-2306,,,,Hanger,39,E147
KM-2324,,,,Hanger,39,E147
KM-2342,,,,Hanger,39,E147
KM-2360,,,,Hanger,39,E147
KQ-306AS,Model No.,W900xH450,5kg,Performance,41,E147
KQ-306A,Model No.,W900xH450,5kg,Performance,41,E147
KQ-308A,Model No.,W1200xH450,5kg,Performance,41,E147
KQ-310A,Model No.,W1500xH450,5kg,Performance,41,E147
KQ-312A,Model No.,W1800xH450,5kg,Performance,41,E147
KQ-314A,Model No.,W2100xH450,5kg,Performance,41,E147
KQ-408A,Model No.,W1200xH600,5kg,Performance,41,E147
KQ-410A,Model No.,W1500xH600,5kg,Performance,41,E147
KQ-412A,Model No.,W1800xH600,5kg,Performance,41,E147
KQ-414A,Model No.,W2100xH600,5kg,Performance,41,E147
KP-7604,Closed end hook-S,,5kg,Performance,41,E147
KP-7502,Loop hook-S,,5kg,Performance,41,E147
KP-7308,Closed end hook-L,,5kg,Performance,41,E147
KP-6101,● ● Single hook-S,,,Accessories,42,E147
KP-6102,● ● Single hook-M,,,Accessories,42,E147
KP-6103,● ● U hook,,,Accessories,42,E147
KP-6104,● ● Spring clips,,,Accessories,42,E147
KP-6109,● ● Wrench holder,,,Accessories,42,E147
KP-6208,● ● Double hook-L,,,Accessories,42,E147
KP-6308,● ● Single hook-L,,,Accessories,42,E147
KP-3305,Single hook,,,Accessories,42,E147
L50,Single hook,,,Accessories,42,E147
KP-3405,Double hook,,,Accessories,42,E147
KP-3108,Single hook,,,Accessories,42,E147
L80,,,,Accessories,42,E147
KP-3112,Single hook,,,Accessories,42,E147
L120,,,,Accessories,42,E147
KP-3116,Single hook,,,Accessories,42,E147
L160,,,,Accessories,42,E147
KP-3130,Single hook,,,Accessories,42,E147
L300,,,,Accessories,42,E147
KP-3208,Double hook,,,Accessories,42,E147
KP-3212,Double hook,,,Accessories,42,E147
KP-3216,Double hook,,,Accessories,42,E147
KP-3230,Double hook,,,Accessories,42,E147
KP-3502,Loop hook,,,Accessories,42,E147
KP-3503,,,,Accessories,42,E147
KP-3506,,,,Accessories,42,E147
KP-3510,,,,Accessories,42,E147
KP-3805,U hook,,,Accessories,42,E147
KP-3810,,,,Accessories,42,E147
KP-3705,Semicircle hook,,,Accessories,42,E147
KP-3709,,,,Accessories,42,E147
L90,,,,Accessories,42,E147
KP-4120,Drill holder,,,Perforated,43,E147
KP-4114,,,,Perforated,43,E147
L390,Drill holder,,,Perforated,43,E147
KP-4213,Screwdriver holder,,,Perforated,43,E147
KP-4504,T handle holder,,,Perforated,43,E147
KP-4802,Monitor arm,,,Perforated,43,E147
KPQ-4306,Hanging bin set,,,Perforated,43,E147
KPQ-4307,,,,Perforated,43,E147
L456,Hanging bin set,,,Perforated,43,E147
L608,,,,Perforated,43,E147
KP-4418,Clip holder,,,Perforated,43,E147
L430,Clip holder,,,Perforated,43,E147
KPQ-4301,Hanging bin set,,,Perforated,43,E147
KPQ-4302,,,,Perforated,43,E147
KPQ-4303,,,,Perforated,43,E147
KPQ-4304,,,,Perforated,43,E147
KPQ-4305,,,,Perforated,43,E147
L420,Hanging bin set,,,Perforated,43,E147
KP-4604,Bottle holder,,,Perforated,43,E147
KP-4300,Bin hanger,,,Perforated,43,E147
KP-17,Shelf,,,Perforated,43,E147
KP-4701,Tray,,,Perforated,43,E147
RB-530M,Mobile,,1000kg,Parts,49,E147
RB-565M,Mobile,,1000kg,Parts,49,E147
RA-530M,Mobile,,1000kg,Parts,49,E147
RA-560M,Mobile,,1000kg,Parts,49,E147
