Campaign,Keyword,Criterion Type
MY-Search-BM,job,Campaign Negative Broad
MY-Search-BM,jobs,Campaign Negative Broad
MY-Search-BM,vacancy,Campaign Negative Broad
MY-Search-BM,hiring,Campaign Negative Broad
MY-Search-BM,recruitment,Campaign Negative Broad
MY-Search-BM,salary,Campaign Negative Broad
MY-Search-BM,career,Campaign Negative Broad
MY-Search-BM,second hand,Campaign Negative Broad
MY-Search-BM,secondhand,Campaign Negative Broad
MY-Search-BM,used,Campaign Negative Broad
MY-Search-BM,preloved,Campaign Negative Broad
MY-Search-BM,recond,Campaign Negative Broad
MY-Search-BM,diy,Campaign Negative Broad
MY-Search-BM,homemade,Campaign Negative Broad
MY-Search-BM,how to make,Campaign Negative Broad
MY-Search-BM,how to build,Campaign Negative Broad
MY-Search-BM,plan,Campaign Negative Broad
MY-Search-BM,plans,Campaign Negative Broad
MY-Search-BM,blueprint,Campaign Negative Broad
MY-Search-BM,free,Campaign Negative Broad
MY-Search-BM,cheap,Campaign Negative Broad
MY-Search-BM,murah sangat,Campaign Negative Broad
MY-Search-BM,rental,Campaign Negative Broad
MY-Search-BM,rent,Campaign Negative Broad
MY-Search-BM,sewa,Campaign Negative Broad
MY-Search-BM,repair,Campaign Negative Broad
MY-Search-BM,service,Campaign Negative Broad
MY-Search-BM,spare part only,Campaign Negative Broad
MY-Search-BM,manual,Campaign Negative Broad
MY-Search-BM,pdf download,Campaign Negative Broad
MY-Search-BM,ikea,Campaign Negative Broad
MY-Search-BM,mr diy,Campaign Negative Broad
MY-Search-BM,shopee,Campaign Negative Broad
MY-Search-BM,lazada,Campaign Negative Broad
MY-Search-BM,carousell,Campaign Negative Broad
MY-Search-BM,alibaba,Campaign Negative Broad
MY-Search-BM,taobao,Campaign Negative Broad
MY-Search-BM,kitchen,Campaign Negative Broad
MY-Search-BM,office desk,Campaign Negative Broad
MY-Search-BM,study table,Campaign Negative Broad
MY-Search-BM,gaming desk,Campaign Negative Broad
MY-Search-BM,bed,Campaign Negative Broad
MY-Search-BM,wardrobe,Campaign Negative Broad
MY-Search-BM,minecraft,Campaign Negative Broad
MY-Search-BM,game,Campaign Negative Broad
MY-Search-BM,roblox,Campaign Negative Broad
MY-Search-BM,wikipedia,Campaign Negative Broad
MY-Search-BM,meaning,Campaign Negative Broad
MY-Search-BM,definition,Campaign Negative Broad
MY-Search-CNC,job,Campaign Negative Broad
MY-Search-CNC,jobs,Campaign Negative Broad
MY-Search-CNC,vacancy,Campaign Negative Broad
MY-Search-CNC,hiring,Campaign Negative Broad
MY-Search-CNC,recruitment,Campaign Negative Broad
MY-Search-CNC,salary,Campaign Negative Broad
MY-Search-CNC,career,Campaign Negative Broad
MY-Search-CNC,second hand,Campaign Negative Broad
MY-Search-CNC,secondhand,Campaign Negative Broad
MY-Search-CNC,used,Campaign Negative Broad
MY-Search-CNC,preloved,Campaign Negative Broad
MY-Search-CNC,recond,Campaign Negative Broad
MY-Search-CNC,diy,Campaign Negative Broad
MY-Search-CNC,homemade,Campaign Negative Broad
MY-Search-CNC,how to make,Campaign Negative Broad
MY-Search-CNC,how to build,Campaign Negative Broad
MY-Search-CNC,plan,Campaign Negative Broad
MY-Search-CNC,plans,Campaign Negative Broad
MY-Search-CNC,blueprint,Campaign Negative Broad
MY-Search-CNC,free,Campaign Negative Broad
MY-Search-CNC,cheap,Campaign Negative Broad
MY-Search-CNC,murah sangat,Campaign Negative Broad
MY-Search-CNC,rental,Campaign Negative Broad
MY-Search-CNC,rent,Campaign Negative Broad
MY-Search-CNC,sewa,Campaign Negative Broad
MY-Search-CNC,repair,Campaign Negative Broad
MY-Search-CNC,service,Campaign Negative Broad
MY-Search-CNC,spare part only,Campaign Negative Broad
MY-Search-CNC,manual,Campaign Negative Broad
MY-Search-CNC,pdf download,Campaign Negative Broad
MY-Search-CNC,ikea,Campaign Negative Broad
MY-Search-CNC,mr diy,Campaign Negative Broad
MY-Search-CNC,shopee,Campaign Negative Broad
MY-Search-CNC,lazada,Campaign Negative Broad
MY-Search-CNC,carousell,Campaign Negative Broad
MY-Search-CNC,alibaba,Campaign Negative Broad
MY-Search-CNC,taobao,Campaign Negative Broad
MY-Search-CNC,kitchen,Campaign Negative Broad
MY-Search-CNC,office desk,Campaign Negative Broad
MY-Search-CNC,study table,Campaign Negative Broad
MY-Search-CNC,gaming desk,Campaign Negative Broad
MY-Search-CNC,bed,Campaign Negative Broad
MY-Search-CNC,wardrobe,Campaign Negative Broad
MY-Search-CNC,minecraft,Campaign Negative Broad
MY-Search-CNC,game,Campaign Negative Broad
MY-Search-CNC,roblox,Campaign Negative Broad
MY-Search-CNC,wikipedia,Campaign Negative Broad
MY-Search-CNC,meaning,Campaign Negative Broad
MY-Search-CNC,definition,Campaign Negative Broad
MY-Search-Geo,job,Campaign Negative Broad
MY-Search-Geo,jobs,Campaign Negative Broad
MY-Search-Geo,vacancy,Campaign Negative Broad
MY-Search-Geo,hiring,Campaign Negative Broad
MY-Search-Geo,recruitment,Campaign Negative Broad
MY-Search-Geo,salary,Campaign Negative Broad
MY-Search-Geo,career,Campaign Negative Broad
MY-Search-Geo,second hand,Campaign Negative Broad
MY-Search-Geo,secondhand,Campaign Negative Broad
MY-Search-Geo,used,Campaign Negative Broad
MY-Search-Geo,preloved,Campaign Negative Broad
MY-Search-Geo,recond,Campaign Negative Broad
MY-Search-Geo,diy,Campaign Negative Broad
MY-Search-Geo,homemade,Campaign Negative Broad
MY-Search-Geo,how to make,Campaign Negative Broad
MY-Search-Geo,how to build,Campaign Negative Broad
MY-Search-Geo,plan,Campaign Negative Broad
MY-Search-Geo,plans,Campaign Negative Broad
MY-Search-Geo,blueprint,Campaign Negative Broad
MY-Search-Geo,free,Campaign Negative Broad
MY-Search-Geo,cheap,Campaign Negative Broad
MY-Search-Geo,murah sangat,Campaign Negative Broad
MY-Search-Geo,rental,Campaign Negative Broad
MY-Search-Geo,rent,Campaign Negative Broad
MY-Search-Geo,sewa,Campaign Negative Broad
MY-Search-Geo,repair,Campaign Negative Broad
MY-Search-Geo,service,Campaign Negative Broad
MY-Search-Geo,spare part only,Campaign Negative Broad
MY-Search-Geo,manual,Campaign Negative Broad
MY-Search-Geo,pdf download,Campaign Negative Broad
MY-Search-Geo,ikea,Campaign Negative Broad
MY-Search-Geo,mr diy,Campaign Negative Broad
MY-Search-Geo,shopee,Campaign Negative Broad
MY-Search-Geo,lazada,Campaign Negative Broad
MY-Search-Geo,carousell,Campaign Negative Broad
MY-Search-Geo,alibaba,Campaign Negative Broad
MY-Search-Geo,taobao,Campaign Negative Broad
MY-Search-Geo,kitchen,Campaign Negative Broad
MY-Search-Geo,office desk,Campaign Negative Broad
MY-Search-Geo,study table,Campaign Negative Broad
MY-Search-Geo,gaming desk,Campaign Negative Broad
MY-Search-Geo,bed,Campaign Negative Broad
MY-Search-Geo,wardrobe,Campaign Negative Broad
MY-Search-Geo,minecraft,Campaign Negative Broad
MY-Search-Geo,game,Campaign Negative Broad
MY-Search-Geo,roblox,Campaign Negative Broad
MY-Search-Geo,wikipedia,Campaign Negative Broad
MY-Search-Geo,meaning,Campaign Negative Broad
MY-Search-Geo,definition,Campaign Negative Broad
MY-Search-Storage,job,Campaign Negative Broad
MY-Search-Storage,jobs,Campaign Negative Broad
MY-Search-Storage,vacancy,Campaign Negative Broad
MY-Search-Storage,hiring,Campaign Negative Broad
MY-Search-Storage,recruitment,Campaign Negative Broad
MY-Search-Storage,salary,Campaign Negative Broad
MY-Search-Storage,career,Campaign Negative Broad
MY-Search-Storage,second hand,Campaign Negative Broad
MY-Search-Storage,secondhand,Campaign Negative Broad
MY-Search-Storage,used,Campaign Negative Broad
MY-Search-Storage,preloved,Campaign Negative Broad
MY-Search-Storage,recond,Campaign Negative Broad
MY-Search-Storage,diy,Campaign Negative Broad
MY-Search-Storage,homemade,Campaign Negative Broad
MY-Search-Storage,how to make,Campaign Negative Broad
MY-Search-Storage,how to build,Campaign Negative Broad
MY-Search-Storage,plan,Campaign Negative Broad
MY-Search-Storage,plans,Campaign Negative Broad
MY-Search-Storage,blueprint,Campaign Negative Broad
MY-Search-Storage,free,Campaign Negative Broad
MY-Search-Storage,cheap,Campaign Negative Broad
MY-Search-Storage,murah sangat,Campaign Negative Broad
MY-Search-Storage,rental,Campaign Negative Broad
MY-Search-Storage,rent,Campaign Negative Broad
MY-Search-Storage,sewa,Campaign Negative Broad
MY-Search-Storage,repair,Campaign Negative Broad
MY-Search-Storage,service,Campaign Negative Broad
MY-Search-Storage,spare part only,Campaign Negative Broad
MY-Search-Storage,manual,Campaign Negative Broad
MY-Search-Storage,pdf download,Campaign Negative Broad
MY-Search-Storage,ikea,Campaign Negative Broad
MY-Search-Storage,mr diy,Campaign Negative Broad
MY-Search-Storage,shopee,Campaign Negative Broad
MY-Search-Storage,lazada,Campaign Negative Broad
MY-Search-Storage,carousell,Campaign Negative Broad
MY-Search-Storage,alibaba,Campaign Negative Broad
MY-Search-Storage,taobao,Campaign Negative Broad
MY-Search-Storage,kitchen,Campaign Negative Broad
MY-Search-Storage,office desk,Campaign Negative Broad
MY-Search-Storage,study table,Campaign Negative Broad
MY-Search-Storage,gaming desk,Campaign Negative Broad
MY-Search-Storage,bed,Campaign Negative Broad
MY-Search-Storage,wardrobe,Campaign Negative Broad
MY-Search-Storage,minecraft,Campaign Negative Broad
MY-Search-Storage,game,Campaign Negative Broad
MY-Search-Storage,roblox,Campaign Negative Broad
MY-Search-Storage,wikipedia,Campaign Negative Broad
MY-Search-Storage,meaning,Campaign Negative Broad
MY-Search-Storage,definition,Campaign Negative Broad
MY-Search-ToolCabinet,job,Campaign Negative Broad
MY-Search-ToolCabinet,jobs,Campaign Negative Broad
MY-Search-ToolCabinet,vacancy,Campaign Negative Broad
MY-Search-ToolCabinet,hiring,Campaign Negative Broad
MY-Search-ToolCabinet,recruitment,Campaign Negative Broad
MY-Search-ToolCabinet,salary,Campaign Negative Broad
MY-Search-ToolCabinet,career,Campaign Negative Broad
MY-Search-ToolCabinet,second hand,Campaign Negative Broad
MY-Search-ToolCabinet,secondhand,Campaign Negative Broad
MY-Search-ToolCabinet,used,Campaign Negative Broad
MY-Search-ToolCabinet,preloved,Campaign Negative Broad
MY-Search-ToolCabinet,recond,Campaign Negative Broad
MY-Search-ToolCabinet,diy,Campaign Negative Broad
MY-Search-ToolCabinet,homemade,Campaign Negative Broad
MY-Search-ToolCabinet,how to make,Campaign Negative Broad
MY-Search-ToolCabinet,how to build,Campaign Negative Broad
MY-Search-ToolCabinet,plan,Campaign Negative Broad
MY-Search-ToolCabinet,plans,Campaign Negative Broad
MY-Search-ToolCabinet,blueprint,Campaign Negative Broad
MY-Search-ToolCabinet,free,Campaign Negative Broad
MY-Search-ToolCabinet,cheap,Campaign Negative Broad
MY-Search-ToolCabinet,murah sangat,Campaign Negative Broad
MY-Search-ToolCabinet,rental,Campaign Negative Broad
MY-Search-ToolCabinet,rent,Campaign Negative Broad
MY-Search-ToolCabinet,sewa,Campaign Negative Broad
MY-Search-ToolCabinet,repair,Campaign Negative Broad
MY-Search-ToolCabinet,service,Campaign Negative Broad
MY-Search-ToolCabinet,spare part only,Campaign Negative Broad
MY-Search-ToolCabinet,manual,Campaign Negative Broad
MY-Search-ToolCabinet,pdf download,Campaign Negative Broad
MY-Search-ToolCabinet,ikea,Campaign Negative Broad
MY-Search-ToolCabinet,mr diy,Campaign Negative Broad
MY-Search-ToolCabinet,shopee,Campaign Negative Broad
MY-Search-ToolCabinet,lazada,Campaign Negative Broad
MY-Search-ToolCabinet,carousell,Campaign Negative Broad
MY-Search-ToolCabinet,alibaba,Campaign Negative Broad
MY-Search-ToolCabinet,taobao,Campaign Negative Broad
MY-Search-ToolCabinet,kitchen,Campaign Negative Broad
MY-Search-ToolCabinet,office desk,Campaign Negative Broad
MY-Search-ToolCabinet,study table,Campaign Negative Broad
MY-Search-ToolCabinet,gaming desk,Campaign Negative Broad
MY-Search-ToolCabinet,bed,Campaign Negative Broad
MY-Search-ToolCabinet,wardrobe,Campaign Negative Broad
MY-Search-ToolCabinet,minecraft,Campaign Negative Broad
MY-Search-ToolCabinet,game,Campaign Negative Broad
MY-Search-ToolCabinet,roblox,Campaign Negative Broad
MY-Search-ToolCabinet,wikipedia,Campaign Negative Broad
MY-Search-ToolCabinet,meaning,Campaign Negative Broad
MY-Search-ToolCabinet,definition,Campaign Negative Broad
MY-Search-Workbench,job,Campaign Negative Broad
MY-Search-Workbench,jobs,Campaign Negative Broad
MY-Search-Workbench,vacancy,Campaign Negative Broad
MY-Search-Workbench,hiring,Campaign Negative Broad
MY-Search-Workbench,recruitment,Campaign Negative Broad
MY-Search-Workbench,salary,Campaign Negative Broad
MY-Search-Workbench,career,Campaign Negative Broad
MY-Search-Workbench,second hand,Campaign Negative Broad
MY-Search-Workbench,secondhand,Campaign Negative Broad
MY-Search-Workbench,used,Campaign Negative Broad
MY-Search-Workbench,preloved,Campaign Negative Broad
MY-Search-Workbench,recond,Campaign Negative Broad
MY-Search-Workbench,diy,Campaign Negative Broad
MY-Search-Workbench,homemade,Campaign Negative Broad
MY-Search-Workbench,how to make,Campaign Negative Broad
MY-Search-Workbench,how to build,Campaign Negative Broad
MY-Search-Workbench,plan,Campaign Negative Broad
MY-Search-Workbench,plans,Campaign Negative Broad
MY-Search-Workbench,blueprint,Campaign Negative Broad
MY-Search-Workbench,free,Campaign Negative Broad
MY-Search-Workbench,cheap,Campaign Negative Broad
MY-Search-Workbench,murah sangat,Campaign Negative Broad
MY-Search-Workbench,rental,Campaign Negative Broad
MY-Search-Workbench,rent,Campaign Negative Broad
MY-Search-Workbench,sewa,Campaign Negative Broad
MY-Search-Workbench,repair,Campaign Negative Broad
MY-Search-Workbench,service,Campaign Negative Broad
MY-Search-Workbench,spare part only,Campaign Negative Broad
MY-Search-Workbench,manual,Campaign Negative Broad
MY-Search-Workbench,pdf download,Campaign Negative Broad
MY-Search-Workbench,ikea,Campaign Negative Broad
MY-Search-Workbench,mr diy,Campaign Negative Broad
MY-Search-Workbench,shopee,Campaign Negative Broad
MY-Search-Workbench,lazada,Campaign Negative Broad
MY-Search-Workbench,carousell,Campaign Negative Broad
MY-Search-Workbench,alibaba,Campaign Negative Broad
MY-Search-Workbench,taobao,Campaign Negative Broad
MY-Search-Workbench,kitchen,Campaign Negative Broad
MY-Search-Workbench,office desk,Campaign Negative Broad
MY-Search-Workbench,study table,Campaign Negative Broad
MY-Search-Workbench,gaming desk,Campaign Negative Broad
MY-Search-Workbench,bed,Campaign Negative Broad
MY-Search-Workbench,wardrobe,Campaign Negative Broad
MY-Search-Workbench,minecraft,Campaign Negative Broad
MY-Search-Workbench,game,Campaign Negative Broad
MY-Search-Workbench,roblox,Campaign Negative Broad
MY-Search-Workbench,wikipedia,Campaign Negative Broad
MY-Search-Workbench,meaning,Campaign Negative Broad
MY-Search-Workbench,definition,Campaign Negative Broad
