Campaign,Ad Group,Ad type,Final URL,Path 1,Path 2,Headline 1,Headline 2,Headline 3,Headline 4,Headline 5,Headline 6,Headline 7,Headline 8,Headline 9,Headline 10,Headline 11,Headline 12,Headline 13,Headline 14,Headline 15,Description 1,Description 2,Description 3,Description 4
MY-Search-Workbench,Workbench - Generic,Responsive search ad,https://www.storagesystem.com.my/workbench/,workbench,malaysia,Industrial Workbenches MY,Tanko Workbenches Malaysia,Heavy-Duty Steel Benches,Workbench Supplier Selangor,Stock Ready In Selangor,Quoted In Ringgit (MYR),3-7 Day Delivery Malaysia,Exclusive Tanko Distributor,"Rubber, Laminate Or Steel",Configure Drawers & Tops,Since 2006 In Malaysia,Request A Free Quotation,Nationwide Delivery MY,Bulk & Project Pricing,950+ Workbench Options,"Exclusive Tanko distributor in Malaysia since 2006. Selangor stock, Ringgit quotes.","3-7 day delivery on stocked models. Warranty handled locally, not shipped to Taiwan.",Send your model list and get a written quotation with pricing and lead time.,"Rubber, laminate, wood or stainless tops. Configure drawers, shelves and lighting."
MY-Search-Workbench,Workbench - Heavy Duty,Responsive search ad,https://www.storagesystem.com.my/guides/heavy-duty-workbench-fabrication-welding-malaysia/,heavy-duty,workbench,Heavy Duty Workbenches MY,Welding & Fabrication Bench,Up To 2000kg Load Rating,Built For Real Shop Floors,Tanko Heavy-Duty Range,Steel Top Welding Tables,"Selangor Stock, Fast Ship",Quoted In Ringgit (MYR),Spec Support From Our Team,Nationwide Delivery MY,Exclusive Tanko Malaysia,Request A Free Quotation,Bulk & Project Pricing,Since 2006 In Malaysia,Free Specification Advice,"Exclusive Tanko distributor in Malaysia since 2006. Selangor stock, Ringgit quotes.","3-7 day delivery on stocked models. Warranty handled locally, not shipped to Taiwan.",Send your model list and get a written quotation with pricing and lead time.,"Load ratings up to 2000kg. Steel tops built for welding, fabrication and impact."
MY-Search-Workbench,Workbench - ESD,Responsive search ad,https://www.storagesystem.com.my/guides/esd-anti-static-workbench-malaysia/,esd,workbench,ESD Workbenches Malaysia,Anti-Static Work Benches,For Electronics Makers,"ESD Benches, Audit Ready",Grounded ESD Work Surface,Tanko ESD Range Malaysia,Selangor Stock Available,Quoted In Ringgit (MYR),Full ESD Accessories Too,Spec Support For Audits,Exclusive Tanko Malaysia,Request A Free Quotation,Nationwide Delivery MY,Since 2006 In Malaysia,ESD Shelves & Pegboards,"Exclusive Tanko distributor in Malaysia since 2006. Selangor stock, Ringgit quotes.","3-7 day delivery on stocked models. Warranty handled locally, not shipped to Taiwan.",Send your model list and get a written quotation with pricing and lead time.,"Dissipative surfaces, grounding points and ESD accessories for electronics lines."
MY-Search-Workbench,Workbench - Stainless,Responsive search ad,https://www.storagesystem.com.my/guides/stainless-steel-workbench-food-pharma-malaysia/,stainless,workbench,Stainless Benches Malaysia,Food & Pharma Work Tables,Wet Area Stainless Benches,Easy-Clean Stainless Tops,Tanko Stainless Range,"For Labs, Food & Pharma",Selangor Stock Available,Quoted In Ringgit (MYR),Exclusive Tanko Malaysia,Nationwide Delivery MY,Request A Free Quotation,Since 2006 In Malaysia,Bulk & Project Pricing,Spec Advice From Our Team,Corrosion Resistant Tops,"Exclusive Tanko distributor in Malaysia since 2006. Selangor stock, Ringgit quotes.","3-7 day delivery on stocked models. Warranty handled locally, not shipped to Taiwan.",Send your model list and get a written quotation with pricing and lead time.,"Stainless tops for food, pharma, lab and wet areas. Easy to clean and corrosion resistant."
MY-Search-ToolCabinet,Tool Cabinet - Generic,Responsive search ad,https://www.storagesystem.com.my/tool-cabinet/,tool-cabinet,malaysia,Tool Cabinets Malaysia,Tanko Tool Cabinets,Industrial Tool Storage,100kg & 200kg Drawers,Lockable Drawer Cabinets,Selangor Stock Ready,Quoted In Ringgit (MYR),3-7 Day Delivery Malaysia,Exclusive Tanko Distributor,230+ Cabinet Options,Request A Free Quotation,Nationwide Delivery MY,Bulk & Project Pricing,Since 2006 In Malaysia,Configure Your Drawers,"Exclusive Tanko distributor in Malaysia since 2006. Selangor stock, Ringgit quotes.","3-7 day delivery on stocked models. Warranty handled locally, not shipped to Taiwan.",Send your model list and get a written quotation with pricing and lead time.,"Standard drawers rated 100kg, heavy slides 200kg. Full extension and lockable."
MY-Search-ToolCabinet,Tool Cabinet - Roller Trolley,Responsive search ad,https://www.storagesystem.com.my/guides/tool-cabinet-buying-guide-automotive-workshop-malaysia/,roller,cabinet,Roller Cabinets Malaysia,Mobile Tool Trolleys MY,Workshop Tool Trolleys,Tools Follow The Tech,100kg & 200kg Drawers,Tanko Roller Cabinets,Selangor Stock Ready,Quoted In Ringgit (MYR),For Bengkel & Workshops,Nationwide Delivery MY,Request A Free Quotation,Exclusive Tanko Malaysia,Bulk & Project Pricing,Since 2006 In Malaysia,"Lockable, Full Extension","Exclusive Tanko distributor in Malaysia since 2006. Selangor stock, Ringgit quotes.","3-7 day delivery on stocked models. Warranty handled locally, not shipped to Taiwan.",Send your model list and get a written quotation with pricing and lead time.,"Mobile roller cabinets for bay-side work. Lockable, full-extension drawers."
MY-Search-CNC,CNC Tool Storage,Responsive search ad,https://www.storagesystem.com.my/cnc-tool/,cnc,tool-storage,CNC Tool Storage Malaysia,BT-30 BT-40 BT-50 Storage,HSK & ISO Holder Cabinets,Protect Your Tool Tapers,Tanko CNC Cabinets MY,Fitted Holder Inserts,Selangor Stock Ready,Quoted In Ringgit (MYR),Mobile Or Fixed Cabinets,Exclusive Tanko Malaysia,Request A Free Quotation,Nationwide Delivery MY,100+ CNC Storage Options,Since 2006 In Malaysia,Keep Chips Off Tapers,"Exclusive Tanko distributor in Malaysia since 2006. Selangor stock, Ringgit quotes.","3-7 day delivery on stocked models. Warranty handled locally, not shipped to Taiwan.",Send your model list and get a written quotation with pricing and lead time.,"Fitted inserts for BT-30/40/50, HSK-40/63 and ISO. Protects tapers from chips."
MY-Search-Storage,Lockers,Responsive search ad,https://www.storagesystem.com.my/locker/,lockers,malaysia,Steel Lockers Malaysia,Factory & Staff Lockers,School & Campus Lockers,1 To 18 Compartments,Key Or Combination Locks,Ventilated Steel Lockers,Selangor Stock Ready,Quoted In Ringgit (MYR),Exclusive Tanko Malaysia,Nationwide Delivery MY,Request A Free Quotation,Bulk & Project Pricing,Since 2006 In Malaysia,Built For MY Humidity,Powder Coated Throughout,"Exclusive Tanko distributor in Malaysia since 2006. Selangor stock, Ringgit quotes.","3-7 day delivery on stocked models. Warranty handled locally, not shipped to Taiwan.",Send your model list and get a written quotation with pricing and lead time.,"1 to 18 compartments, key or combination locks, ventilated for Malaysian humidity."
MY-Search-Storage,Racking & Mould Racks,Responsive search ad,https://www.storagesystem.com.my/rack/,racking,malaysia,Warehouse Racking MY,Mould Racks Malaysia,Heavy Duty Steel Racking,Pull-Out Mould Racks,Rated Load Per Level,Tanko Racking Malaysia,Selangor Stock Ready,Quoted In Ringgit (MYR),Exclusive Tanko Malaysia,Nationwide Delivery MY,Request A Free Quotation,Layout Advice Included,Bulk & Project Pricing,Since 2006 In Malaysia,Safe Mould Handling,"Exclusive Tanko distributor in Malaysia since 2006. Selangor stock, Ringgit quotes.","3-7 day delivery on stocked models. Warranty handled locally, not shipped to Taiwan.",Send your model list and get a written quotation with pricing and lead time.,"Pull-out mould racks for safe hoist access. Load rated per level, not per rack."
MY-Search-Storage,Parts & Bin Cabinets,Responsive search ad,https://www.storagesystem.com.my/parts-cabinet/,parts,cabinets,Parts Cabinets Malaysia,Bin & Small Parts Storage,Spares Room Organisation,Drawer & Bin Combinations,Tanko Parts Cabinets,Selangor Stock Ready,Quoted In Ringgit (MYR),Exclusive Tanko Malaysia,Nationwide Delivery MY,Request A Free Quotation,Bulk & Project Pricing,Since 2006 In Malaysia,Stop Losing Spare Parts,Label & Locate Fast,80+ Cabinet Options,"Exclusive Tanko distributor in Malaysia since 2006. Selangor stock, Ringgit quotes.","3-7 day delivery on stocked models. Warranty handled locally, not shipped to Taiwan.",Send your model list and get a written quotation with pricing and lead time.,Drawer cabinets and open bins for spares rooms. Label holders that survive oil.
MY-Search-Storage,Pegboard & Tool Control,Responsive search ad,https://www.storagesystem.com.my/perforated-board/,pegboard,5s,Pegboards Malaysia,Shadow Boards For 5S,Perforated Tool Boards,See Missing Tools At Once,Tanko Pegboard Range,"Wall, Bench Or Trolley",Selangor Stock Ready,Quoted In Ringgit (MYR),Exclusive Tanko Malaysia,Nationwide Delivery MY,Request A Free Quotation,5S Tool Control Made Easy,Bulk & Project Pricing,Since 2006 In Malaysia,130+ Board Options,"Exclusive Tanko distributor in Malaysia since 2006. Selangor stock, Ringgit quotes.","3-7 day delivery on stocked models. Warranty handled locally, not shipped to Taiwan.",Send your model list and get a written quotation with pricing and lead time.,"Shadow boards make a missing tool visible instantly. Wall, bench or mobile trolley."
MY-Search-Storage,Workstations,Responsive search ad,https://www.storagesystem.com.my/workstation/,workstations,modular,Modular Workstations MY,Assembly Line Workstations,Configurable Work Stations,"Add Shelves, Light & Power",Tanko Workstations MY,Reconfigure As Lines Change,Selangor Stock Ready,Quoted In Ringgit (MYR),Exclusive Tanko Malaysia,Nationwide Delivery MY,Request A Free Quotation,Ergonomic Bench Heights,Bulk & Project Pricing,Since 2006 In Malaysia,110+ Workstation Options,"Exclusive Tanko distributor in Malaysia since 2006. Selangor stock, Ringgit quotes.","3-7 day delivery on stocked models. Warranty handled locally, not shipped to Taiwan.",Send your model list and get a written quotation with pricing and lead time.,"Add pegboards, shelves, task lighting and power rails. Reconfigure as lines change."
MY-Search-BM,Bahasa - Meja Kerja,Responsive search ad,https://www.storagesystem.com.my/guides/meja-kerja-industri-malaysia/,meja-kerja,industri,Meja Kerja Industri,Meja Kerja Bengkel Tanko,Meja Kerja Besi Tahan Lasak,Stok Di Selangor,Harga Dalam Ringgit,Penghantaran 3-7 Hari,Pengedar Eksklusif Tanko,Hantar Senarai Anda,Penghantaran Seluruh MY,Waranti Diuruskan Tempatan,Sejak 2006 Di Malaysia,Permukaan Getah & Laminate,Harga Projek Tersedia,Minta Sebut Harga,Untuk Kilang & Bengkel,"Pengedar eksklusif Tanko di Malaysia sejak 2006. Stok Selangor, harga Ringgit.",Penghantaran 3-7 hari bekerja untuk model stok ke seluruh Malaysia.,Hantar senarai anda dan dapatkan sebut harga bertulis termasuk kos penghantaran.,"Permukaan getah, laminate, kayu atau keluli tahan karat. Konfigurasi laci dan rak."
MY-Search-BM,Bahasa - Kabinet Alat,Responsive search ad,https://www.storagesystem.com.my/guides/kabinet-alat-penyimpanan-bengkel-malaysia/,kabinet,alat,Kabinet Alat Bengkel,Troli Alat Tanko Malaysia,Laci 100kg & 200kg,Kabinet Alat Berkunci,Stok Di Selangor,Harga Dalam Ringgit,Penghantaran 3-7 Hari,Pengedar Eksklusif Tanko,Untuk Bengkel & Kilang,Penghantaran Seluruh MY,Minta Sebut Harga,Sejak 2006 Di Malaysia,Harga Projek Tersedia,Waranti Tempatan,230+ Pilihan Kabinet,"Pengedar eksklusif Tanko di Malaysia sejak 2006. Stok Selangor, harga Ringgit.",Penghantaran 3-7 hari bekerja untuk model stok ke seluruh Malaysia.,Hantar senarai anda dan dapatkan sebut harga bertulis termasuk kos penghantaran.,"Laci standard 100kg, laci berat 200kg. Lanjutan penuh dan boleh dikunci."
MY-Search-BM,Bahasa - Loker & Rak,Responsive search ad,https://www.storagesystem.com.my/guides/loker-besi-malaysia/,loker,rak,Loker Besi Malaysia,Loker Kilang & Sekolah,Rak Gudang & Rak Acuan,Papan Berlubang Bengkel,1 Hingga 18 Petak,Kunci Biasa Atau Gabungan,Stok Di Selangor,Harga Dalam Ringgit,Pengedar Eksklusif Tanko,Penghantaran Seluruh MY,Minta Sebut Harga,Sejak 2006 Di Malaysia,Harga Projek Tersedia,Tahan Kelembapan MY,Berpengudaraan & Bersalut,"Pengedar eksklusif Tanko di Malaysia sejak 2006. Stok Selangor, harga Ringgit.",Penghantaran 3-7 hari bekerja untuk model stok ke seluruh Malaysia.,Hantar senarai anda dan dapatkan sebut harga bertulis termasuk kos penghantaran.,"Loker 1 hingga 18 petak, kunci biasa atau gabungan, berpengudaraan untuk cuaca MY."
MY-Search-Geo,Geo - Klang Valley,Responsive search ad,https://www.storagesystem.com.my/locations/kuala-lumpur-selangor/,klang-valley,supplier,Storage Supplier Selangor,Workbenches Shah Alam,Tool Cabinets KL & PJ,Based In Balakong Selangor,Same-Week Site Visits,Selangor Warehouse Stock,Quoted In Ringgit (MYR),3-7 Day Delivery,Exclusive Tanko Malaysia,Request A Free Quotation,Since 2006 In Malaysia,Bulk & Project Pricing,Klang Valley Delivery,Free Specification Advice,Visit Our Selangor Office,"Exclusive Tanko distributor in Malaysia since 2006. Selangor stock, Ringgit quotes.","3-7 day delivery on stocked models. Warranty handled locally, not shipped to Taiwan.",Send your model list and get a written quotation with pricing and lead time.,"Based in Balakong, Selangor. Site visits across Klang Valley, often same week."
MY-Search-Geo,Geo - Johor Penang,Responsive search ad,https://www.storagesystem.com.my/locations/,johor-penang,supplier,Storage Supplier Johor,Workbenches Penang,Tool Cabinets Johor Bahru,Nationwide MY Delivery,Ships From Selangor Stock,Quoted In Ringgit (MYR),3-7 Day Delivery,Exclusive Tanko Malaysia,Request A Free Quotation,Since 2006 In Malaysia,Bulk & Project Pricing,For Factories & Workshops,Penang Electronics Ready,Iskandar Johor Delivery,Free Specification Advice,"Exclusive Tanko distributor in Malaysia since 2006. Selangor stock, Ringgit quotes.","3-7 day delivery on stocked models. Warranty handled locally, not shipped to Taiwan.",Send your model list and get a written quotation with pricing and lead time.,"Delivered nationwide from our Selangor warehouse. Johor, Penang, Ipoh and beyond."
