Campaign,Ad Group,Keyword,Criterion Type,Final URL
MY-Search-Workbench,Workbench - Generic,industrial workbench malaysia,Phrase,https://www.storagesystem.com.my/workbench/
MY-Search-Workbench,Workbench - Generic,workbench supplier malaysia,Phrase,https://www.storagesystem.com.my/workbench/
MY-Search-Workbench,Workbench - Generic,industrial work bench malaysia,Phrase,https://www.storagesystem.com.my/workbench/
MY-Search-Workbench,Workbench - Generic,workbench price malaysia,Phrase,https://www.storagesystem.com.my/workbench/
MY-Search-Workbench,Workbench - Generic,steel workbench malaysia,Phrase,https://www.storagesystem.com.my/workbench/
MY-Search-Workbench,Workbench - Generic,workshop workbench malaysia,Phrase,https://www.storagesystem.com.my/workbench/
MY-Search-Workbench,Workbench - Generic,factory workbench supplier,Phrase,https://www.storagesystem.com.my/workbench/
MY-Search-Workbench,Workbench - Generic,buy industrial workbench,Phrase,https://www.storagesystem.com.my/workbench/
MY-Search-Workbench,Workbench - Generic,industrial workbench malaysia,Exact,https://www.storagesystem.com.my/workbench/
MY-Search-Workbench,Workbench - Generic,workbench supplier malaysia,Exact,https://www.storagesystem.com.my/workbench/
MY-Search-Workbench,Workbench - Heavy Duty,heavy duty workbench malaysia,Phrase,https://www.storagesystem.com.my/guides/heavy-duty-workbench-fabrication-welding-malaysia/
MY-Search-Workbench,Workbench - Heavy Duty,welding table malaysia,Phrase,https://www.storagesystem.com.my/guides/heavy-duty-workbench-fabrication-welding-malaysia/
MY-Search-Workbench,Workbench - Heavy Duty,fabrication workbench malaysia,Phrase,https://www.storagesystem.com.my/guides/heavy-duty-workbench-fabrication-welding-malaysia/
MY-Search-Workbench,Workbench - Heavy Duty,heavy duty work table steel,Phrase,https://www.storagesystem.com.my/guides/heavy-duty-workbench-fabrication-welding-malaysia/
MY-Search-Workbench,Workbench - Heavy Duty,welding bench supplier malaysia,Phrase,https://www.storagesystem.com.my/guides/heavy-duty-workbench-fabrication-welding-malaysia/
MY-Search-Workbench,Workbench - Heavy Duty,heavy duty workbench malaysia,Exact,https://www.storagesystem.com.my/guides/heavy-duty-workbench-fabrication-welding-malaysia/
MY-Search-Workbench,Workbench - ESD,esd workbench malaysia,Phrase,https://www.storagesystem.com.my/guides/esd-anti-static-workbench-malaysia/
MY-Search-Workbench,Workbench - ESD,anti static workbench malaysia,Phrase,https://www.storagesystem.com.my/guides/esd-anti-static-workbench-malaysia/
MY-Search-Workbench,Workbench - ESD,esd table electronics malaysia,Phrase,https://www.storagesystem.com.my/guides/esd-anti-static-workbench-malaysia/
MY-Search-Workbench,Workbench - ESD,antistatic work bench supplier,Phrase,https://www.storagesystem.com.my/guides/esd-anti-static-workbench-malaysia/
MY-Search-Workbench,Workbench - ESD,esd workbench malaysia,Exact,https://www.storagesystem.com.my/guides/esd-anti-static-workbench-malaysia/
MY-Search-Workbench,Workbench - Stainless,stainless steel workbench malaysia,Phrase,https://www.storagesystem.com.my/guides/stainless-steel-workbench-food-pharma-malaysia/
MY-Search-Workbench,Workbench - Stainless,stainless work table food factory,Phrase,https://www.storagesystem.com.my/guides/stainless-steel-workbench-food-pharma-malaysia/
MY-Search-Workbench,Workbench - Stainless,stainless steel table pharmaceutical malaysia,Phrase,https://www.storagesystem.com.my/guides/stainless-steel-workbench-food-pharma-malaysia/
MY-Search-Workbench,Workbench - Stainless,food grade workbench malaysia,Phrase,https://www.storagesystem.com.my/guides/stainless-steel-workbench-food-pharma-malaysia/
MY-Search-ToolCabinet,Tool Cabinet - Generic,tool cabinet malaysia,Phrase,https://www.storagesystem.com.my/tool-cabinet/
MY-Search-ToolCabinet,Tool Cabinet - Generic,tool cabinet supplier malaysia,Phrase,https://www.storagesystem.com.my/tool-cabinet/
MY-Search-ToolCabinet,Tool Cabinet - Generic,industrial tool cabinet malaysia,Phrase,https://www.storagesystem.com.my/tool-cabinet/
MY-Search-ToolCabinet,Tool Cabinet - Generic,tool storage cabinet malaysia,Phrase,https://www.storagesystem.com.my/tool-cabinet/
MY-Search-ToolCabinet,Tool Cabinet - Generic,tool chest malaysia,Phrase,https://www.storagesystem.com.my/tool-cabinet/
MY-Search-ToolCabinet,Tool Cabinet - Generic,drawer tool cabinet malaysia,Phrase,https://www.storagesystem.com.my/tool-cabinet/
MY-Search-ToolCabinet,Tool Cabinet - Generic,tool cabinet malaysia,Exact,https://www.storagesystem.com.my/tool-cabinet/
MY-Search-ToolCabinet,Tool Cabinet - Generic,tool cabinet supplier malaysia,Exact,https://www.storagesystem.com.my/tool-cabinet/
MY-Search-ToolCabinet,Tool Cabinet - Roller Trolley,roller cabinet malaysia,Phrase,https://www.storagesystem.com.my/guides/tool-cabinet-buying-guide-automotive-workshop-malaysia/
MY-Search-ToolCabinet,Tool Cabinet - Roller Trolley,tool trolley malaysia,Phrase,https://www.storagesystem.com.my/guides/tool-cabinet-buying-guide-automotive-workshop-malaysia/
MY-Search-ToolCabinet,Tool Cabinet - Roller Trolley,mobile tool cabinet malaysia,Phrase,https://www.storagesystem.com.my/guides/tool-cabinet-buying-guide-automotive-workshop-malaysia/
MY-Search-ToolCabinet,Tool Cabinet - Roller Trolley,workshop tool trolley supplier,Phrase,https://www.storagesystem.com.my/guides/tool-cabinet-buying-guide-automotive-workshop-malaysia/
MY-Search-ToolCabinet,Tool Cabinet - Roller Trolley,roller tool chest malaysia,Phrase,https://www.storagesystem.com.my/guides/tool-cabinet-buying-guide-automotive-workshop-malaysia/
MY-Search-ToolCabinet,Tool Cabinet - Roller Trolley,roller cabinet malaysia,Exact,https://www.storagesystem.com.my/guides/tool-cabinet-buying-guide-automotive-workshop-malaysia/
MY-Search-CNC,CNC Tool Storage,cnc tool storage malaysia,Phrase,https://www.storagesystem.com.my/cnc-tool/
MY-Search-CNC,CNC Tool Storage,cnc tool cabinet malaysia,Phrase,https://www.storagesystem.com.my/cnc-tool/
MY-Search-CNC,CNC Tool Storage,tool holder cabinet malaysia,Phrase,https://www.storagesystem.com.my/cnc-tool/
MY-Search-CNC,CNC Tool Storage,bt40 tool holder storage,Phrase,https://www.storagesystem.com.my/cnc-tool/
MY-Search-CNC,CNC Tool Storage,bt30 tool cabinet,Phrase,https://www.storagesystem.com.my/cnc-tool/
MY-Search-CNC,CNC Tool Storage,hsk tool holder cabinet,Phrase,https://www.storagesystem.com.my/cnc-tool/
MY-Search-CNC,CNC Tool Storage,cnc tool trolley malaysia,Phrase,https://www.storagesystem.com.my/cnc-tool/
MY-Search-CNC,CNC Tool Storage,cnc tool cabinet malaysia,Exact,https://www.storagesystem.com.my/cnc-tool/
MY-Search-Storage,Lockers,steel locker malaysia,Phrase,https://www.storagesystem.com.my/locker/
MY-Search-Storage,Lockers,locker supplier malaysia,Phrase,https://www.storagesystem.com.my/locker/
MY-Search-Storage,Lockers,staff locker malaysia,Phrase,https://www.storagesystem.com.my/locker/
MY-Search-Storage,Lockers,factory locker malaysia,Phrase,https://www.storagesystem.com.my/locker/
MY-Search-Storage,Lockers,school locker supplier malaysia,Phrase,https://www.storagesystem.com.my/locker/
MY-Search-Storage,Lockers,steel locker malaysia,Exact,https://www.storagesystem.com.my/locker/
MY-Search-Storage,Racking & Mould Racks,mould rack malaysia,Phrase,https://www.storagesystem.com.my/rack/
MY-Search-Storage,Racking & Mould Racks,warehouse racking malaysia,Phrase,https://www.storagesystem.com.my/rack/
MY-Search-Storage,Racking & Mould Racks,heavy duty rack malaysia,Phrase,https://www.storagesystem.com.my/rack/
MY-Search-Storage,Racking & Mould Racks,mold rack supplier malaysia,Phrase,https://www.storagesystem.com.my/rack/
MY-Search-Storage,Racking & Mould Racks,industrial shelving malaysia,Phrase,https://www.storagesystem.com.my/rack/
MY-Search-Storage,Parts & Bin Cabinets,parts cabinet malaysia,Phrase,https://www.storagesystem.com.my/parts-cabinet/
MY-Search-Storage,Parts & Bin Cabinets,bin rack malaysia,Phrase,https://www.storagesystem.com.my/parts-cabinet/
MY-Search-Storage,Parts & Bin Cabinets,spare parts storage cabinet malaysia,Phrase,https://www.storagesystem.com.my/parts-cabinet/
MY-Search-Storage,Parts & Bin Cabinets,small parts cabinet supplier,Phrase,https://www.storagesystem.com.my/parts-cabinet/
MY-Search-Storage,Pegboard & Tool Control,pegboard malaysia,Phrase,https://www.storagesystem.com.my/perforated-board/
MY-Search-Storage,Pegboard & Tool Control,perforated board tool malaysia,Phrase,https://www.storagesystem.com.my/perforated-board/
MY-Search-Storage,Pegboard & Tool Control,shadow board malaysia,Phrase,https://www.storagesystem.com.my/perforated-board/
MY-Search-Storage,Pegboard & Tool Control,tool board workshop malaysia,Phrase,https://www.storagesystem.com.my/perforated-board/
MY-Search-Storage,Workstations,modular workstation malaysia,Phrase,https://www.storagesystem.com.my/workstation/
MY-Search-Storage,Workstations,assembly workstation malaysia,Phrase,https://www.storagesystem.com.my/workstation/
MY-Search-Storage,Workstations,production workstation supplier malaysia,Phrase,https://www.storagesystem.com.my/workstation/
MY-Search-Storage,Workstations,workstation table factory malaysia,Phrase,https://www.storagesystem.com.my/workstation/
MY-Search-BM,Bahasa - Meja Kerja,meja kerja industri,Phrase,https://www.storagesystem.com.my/guides/meja-kerja-industri-malaysia/
MY-Search-BM,Bahasa - Meja Kerja,meja kerja bengkel,Phrase,https://www.storagesystem.com.my/guides/meja-kerja-industri-malaysia/
MY-Search-BM,Bahasa - Meja Kerja,harga meja kerja industri,Phrase,https://www.storagesystem.com.my/guides/meja-kerja-industri-malaysia/
MY-Search-BM,Bahasa - Meja Kerja,meja kerja besi malaysia,Phrase,https://www.storagesystem.com.my/guides/meja-kerja-industri-malaysia/
MY-Search-BM,Bahasa - Meja Kerja,pembekal meja kerja industri,Phrase,https://www.storagesystem.com.my/guides/meja-kerja-industri-malaysia/
MY-Search-BM,Bahasa - Kabinet Alat,kabinet alat bengkel,Phrase,https://www.storagesystem.com.my/guides/kabinet-alat-penyimpanan-bengkel-malaysia/
MY-Search-BM,Bahasa - Kabinet Alat,kabinet alat malaysia,Phrase,https://www.storagesystem.com.my/guides/kabinet-alat-penyimpanan-bengkel-malaysia/
MY-Search-BM,Bahasa - Kabinet Alat,kabinet tools bengkel,Phrase,https://www.storagesystem.com.my/guides/kabinet-alat-penyimpanan-bengkel-malaysia/
MY-Search-BM,Bahasa - Kabinet Alat,harga kabinet alat,Phrase,https://www.storagesystem.com.my/guides/kabinet-alat-penyimpanan-bengkel-malaysia/
MY-Search-BM,Bahasa - Kabinet Alat,troli alat bengkel,Phrase,https://www.storagesystem.com.my/guides/kabinet-alat-penyimpanan-bengkel-malaysia/
MY-Search-BM,Bahasa - Loker & Rak,loker besi malaysia,Phrase,https://www.storagesystem.com.my/guides/loker-besi-malaysia/
MY-Search-BM,Bahasa - Loker & Rak,loker kilang,Phrase,https://www.storagesystem.com.my/guides/loker-besi-malaysia/
MY-Search-BM,Bahasa - Loker & Rak,harga loker besi,Phrase,https://www.storagesystem.com.my/guides/loker-besi-malaysia/
MY-Search-BM,Bahasa - Loker & Rak,rak gudang malaysia,Phrase,https://www.storagesystem.com.my/guides/loker-besi-malaysia/
MY-Search-BM,Bahasa - Loker & Rak,rak acuan malaysia,Phrase,https://www.storagesystem.com.my/guides/loker-besi-malaysia/
MY-Search-BM,Bahasa - Loker & Rak,papan berlubang bengkel,Phrase,https://www.storagesystem.com.my/guides/loker-besi-malaysia/
MY-Search-Geo,Geo - Klang Valley,workbench supplier shah alam,Phrase,https://www.storagesystem.com.my/locations/kuala-lumpur-selangor/
MY-Search-Geo,Geo - Klang Valley,tool cabinet supplier kuala lumpur,Phrase,https://www.storagesystem.com.my/locations/kuala-lumpur-selangor/
MY-Search-Geo,Geo - Klang Valley,industrial storage selangor,Phrase,https://www.storagesystem.com.my/locations/kuala-lumpur-selangor/
MY-Search-Geo,Geo - Klang Valley,workbench supplier klang,Phrase,https://www.storagesystem.com.my/locations/kuala-lumpur-selangor/
MY-Search-Geo,Geo - Klang Valley,tool cabinet petaling jaya,Phrase,https://www.storagesystem.com.my/locations/kuala-lumpur-selangor/
MY-Search-Geo,Geo - Johor Penang,workbench supplier johor bahru,Phrase,https://www.storagesystem.com.my/locations/
MY-Search-Geo,Geo - Johor Penang,tool cabinet supplier penang,Phrase,https://www.storagesystem.com.my/locations/
MY-Search-Geo,Geo - Johor Penang,industrial storage johor,Phrase,https://www.storagesystem.com.my/locations/
MY-Search-Geo,Geo - Johor Penang,workbench supplier penang,Phrase,https://www.storagesystem.com.my/locations/
MY-Search-Geo,Geo - Johor Penang,industrial storage ipoh,Phrase,https://www.storagesystem.com.my/locations/
